{"todayCost":19.865160399999994,"todayCalls":118,"monthCost":2386.727121999981,"monthCalls":41874,"cachedAt":"2026-04-16T09:29:04.603Z"}